Sample,TotalReads,TotalBarcodes,ValidBarcodes,ValidProportion,A,C,B,D
S3_Waccamaw_1704,61986408,61986407,61544606,0.9929,0.909,0.764,0.458,0.767
S3_Cooper_1781,46335310,46335305,46010805,0.993,0.91,0.765,0.457,0.77
S5_Kennetcook_3546,88309425,88309421,87686186,0.9929,0.909,0.764,0.457,0.768
S1_Tusket_015,43592711,43592710,43287464,0.993,0.91,0.764,0.455,0.767
S3_Waccamaw_1721,42697035,42697034,42398275,0.993,0.908,0.76,0.454,0.766
S3_Musquodoboit_594,42096942,42096939,41801880,0.993,0.909,0.764,0.454,0.771
S5_Hudson_1193,38932137,38932137,38657486,0.9929,0.908,0.766,0.458,0.767
S3_Waccamaw_1705,40136003,40136002,39855259,0.993,0.909,0.765,0.458,0.771
S3_Cooper_1783,38148046,38148045,37879335,0.993,0.907,0.761,0.452,0.77
S3_Annis_513,38161617,38161615,37895621,0.993,0.91,0.765,0.455,0.771
S3_Palmer_537,38698600,38698599,38425090,0.9929,0.908,0.76,0.454,0.768
S3_Annapolis_282,38311964,38311961,38044573,0.993,0.908,0.76,0.452,0.773
S3_Annapolis_272,36875535,36875530,36616859,0.993,0.907,0.761,0.454,0.772
S1_Annapolis_27,38320516,38320512,38050511,0.993,0.911,0.763,0.455,0.77
S5_Connecticut_977,37237075,37237074,36976346,0.993,0.909,0.761,0.452,0.77
S3_Cooper_1780,36973682,36973679,36715948,0.993,0.91,0.763,0.457,0.77
S3_Musquodoboit_601,35948561,35948558,35697282,0.993,0.907,0.762,0.456,0.773
S3_Annapolis_039,36074206,36074203,35819907,0.993,0.908,0.762,0.454,0.775
S5_Kennetcook_3540,36627695,36627691,36371779,0.993,0.909,0.764,0.456,0.77
S6_Annis_4799,36187538,36187538,35936915,0.9931,0.906,0.761,0.456,0.77
S1_Musquodoboit_027,36365497,36365496,36111355,0.993,0.909,0.765,0.456,0.767
S3_Cooper_1784,35307833,35307833,35060383,0.993,0.91,0.764,0.458,0.767
S3_Annapolis_290,35455478,35455476,35207065,0.993,0.908,0.764,0.457,0.773
S6_LaHave_3615,35199198,35199196,34954656,0.9931,0.908,0.763,0.457,0.77
S6_Musquodoboit_1547,34629055,34629055,34388543,0.9931,0.908,0.764,0.453,0.769
S1_Annapolis_003,35241236,35241235,34993793,0.993,0.91,0.765,0.456,0.774
S6_Waccamaw_1689,34092254,34092254,33855354,0.9931,0.91,0.765,0.453,0.769
S1_Tusket_029,33583251,33583246,33347894,0.993,0.908,0.765,0.455,0.769
S3_Annapolis_287,33697529,33697525,33459290,0.9929,0.908,0.764,0.456,0.772
S1_Annapolis_7,33512991,33512989,33277205,0.993,0.908,0.764,0.456,0.772
S5_Connecticut_989,33064663,33064660,32832940,0.993,0.911,0.766,0.457,0.766
S6_Waccamaw_1684,32955082,32955081,32725873,0.993,0.907,0.762,0.456,0.77
S6_LaHave_3608,32268768,32268768,32042791,0.993,0.908,0.763,0.458,0.769
S1_Tusket_026,32606095,32606095,32377479,0.993,0.91,0.763,0.458,0.765
S3_Waccamaw_1720,32374164,32374164,32148354,0.993,0.908,0.762,0.455,0.772
S6_Musquodoboit_1545,31501822,31501819,31283533,0.9931,0.909,0.766,0.457,0.769
S3_Annis_510,31660983,31660981,31439781,0.993,0.909,0.762,0.453,0.771
S3_Annapolis_288,32318792,32318790,32091390,0.993,0.909,0.765,0.46,0.765
S1_Tusket_006,31879137,31879134,31655533,0.993,0.909,0.763,0.456,0.771
S6_Waccamaw_1682,30888692,30888691,30673270,0.993,0.907,0.761,0.455,0.767
S1_Tusket_023,31540246,31540246,31320898,0.993,0.907,0.762,0.456,0.766
S6_LaHave_3616,30838987,30838986,30623930,0.993,0.907,0.762,0.452,0.773
S3_Annapolis_279,30532149,30532147,30318000,0.993,0.91,0.763,0.454,0.774
S5_Hudson_1191,30450695,30450694,30237496,0.993,0.906,0.763,0.457,0.766
S5_Connecticut_976,29995208,29995208,29784147,0.993,0.908,0.762,0.455,0.766
S6_Kennetcook_3559,30381642,30381640,30171123,0.9931,0.908,0.762,0.452,0.768
S6_Musquodoboit_1551,30488755,30488754,30276417,0.993,0.907,0.761,0.457,0.769
S5_StJohns_3459,30104245,30104242,29894036,0.993,0.907,0.764,0.456,0.762
S6_Musquodoboit_1543,30199954,30199953,29988957,0.993,0.909,0.763,0.456,0.769
S1_Tusket_021,30548074,30548072,30334899,0.993,0.907,0.765,0.455,0.769
S1_Musquodoboit_013,30040858,30040856,29831470,0.993,0.907,0.765,0.457,0.766
S3_Cooper_1782,30475899,30475897,30260088,0.9929,0.91,0.765,0.457,0.768
S6_Waccamaw_1678,29734251,29734251,29527496,0.993,0.908,0.765,0.456,0.766
S3_Annapolis_285,29986036,29986035,29775490,0.993,0.909,0.763,0.455,0.769
S6_LaHave_3610,29777032,29777031,29569853,0.993,0.906,0.763,0.454,0.768
S6_Waccamaw_1688,29499038,29499036,29294362,0.9931,0.908,0.762,0.455,0.773
S6_Musquodoboit_1540,29080952,29080952,28880110,0.9931,0.907,0.762,0.449,0.771
S6_Hudson_1199,29151617,29151616,28949265,0.9931,0.908,0.763,0.455,0.773
S6_LaHave_3613,29192106,29192104,28989560,0.9931,0.908,0.763,0.454,0.768
S5_Connecticut_998,29539108,29539108,29331326,0.993,0.909,0.762,0.459,0.77
S6_Waccamaw_1690,29505015,29505014,29299254,0.993,0.908,0.764,0.455,0.77
S5_Connecticut_992,28943424,28943424,28740814,0.993,0.909,0.762,0.455,0.767
S3_Waccamaw_1708,29103064,29103056,28900270,0.993,0.909,0.763,0.455,0.768
S3_Annis_508,28700108,28700107,28500693,0.9931,0.908,0.764,0.458,0.772
S6_LaHave_3609,28788352,28788350,28588283,0.9931,0.908,0.763,0.455,0.769
S5_Connecticut_988,28570190,28570189,28370174,0.993,0.908,0.762,0.456,0.768
S3_Annapolis_037,29258188,29258186,29052640,0.993,0.908,0.763,0.457,0.766
S6_Waccamaw_1683,28518355,28518354,28320011,0.993,0.908,0.763,0.453,0.772
S5_Kennetcook_3541,28556322,28556322,28355331,0.993,0.909,0.766,0.457,0.764
S6_LaHave_3605,28347596,28347594,28149982,0.993,0.906,0.76,0.45,0.769
S1_Tusket_030,28677119,28677119,28475257,0.993,0.908,0.765,0.455,0.762
S3_Annis_504,28515883,28515883,28313079,0.9929,0.906,0.761,0.456,0.766
S3_Musquodoboit_602,28167504,28167504,27969849,0.993,0.908,0.761,0.455,0.771
S1_Musquodoboit_015,28251894,28251893,28054305,0.993,0.908,0.762,0.458,0.766
S1_Tusket_024,28219685,28219683,28021501,0.993,0.907,0.764,0.456,0.77
S6_Musquodoboit_1550,27902980,27902980,27708752,0.993,0.905,0.76,0.454,0.769
S6_LaHave_3617,27456678,27456676,27265123,0.993,0.908,0.764,0.455,0.767
S6_Musquodoboit_1549,27504615,27504615,27312913,0.993,0.907,0.759,0.453,0.772
S6_LaHave_3618,27240175,27240172,27050261,0.993,0.907,0.764,0.456,0.766
S5_Hudson_1180,27543947,27543947,27351676,0.993,0.908,0.766,0.457,0.77
S6_Musquodoboit_1541,26990428,26990428,26802704,0.993,0.909,0.764,0.454,0.767
S5_Kennetcook_3547,27042756,27042755,26852858,0.993,0.909,0.765,0.458,0.765
S6_Musquodoboit_1548,27196195,27196194,27007168,0.993,0.909,0.764,0.454,0.767
S3_Waccamaw_1713,27304366,27304366,27114020,0.993,0.908,0.762,0.454,0.773
S3_Waccamaw_1714,27463406,27463403,27270985,0.993,0.909,0.765,0.458,0.77
S6_LaHave_3612,26713416,26713416,26527197,0.993,0.906,0.759,0.451,0.769
S3_Musquodoboit_598,27078831,27078831,26889956,0.993,0.909,0.764,0.454,0.773
S3_Annapolis_277,26939231,26939229,26750595,0.993,0.909,0.762,0.454,0.774
S6_Waccamaw_1679,26568997,26568996,26383270,0.993,0.909,0.763,0.456,0.771
S6_Hudson_1198,26044157,26044155,25863460,0.9931,0.907,0.761,0.455,0.769
S1_Tusket_028,26607412,26607410,26421064,0.993,0.908,0.765,0.459,0.771
S6_Waccamaw_1685,26007334,26007330,25826589,0.9931,0.907,0.759,0.451,0.772
S6_Kennetcook_3562,25888748,25888747,25709524,0.9931,0.904,0.759,0.45,0.771
S6_Waccamaw_1687,25809755,25809752,25630806,0.9931,0.906,0.761,0.453,0.767
S6_Kennetcook_3568,25743721,25743721,25564410,0.993,0.908,0.762,0.454,0.771
S5_Hudson_1169,25448225,25448225,25268992,0.993,0.91,0.765,0.457,0.765
S3_Annapolis_033,25494386,25494382,25313333,0.9929,0.909,0.761,0.454,0.77
S5_StJohns_3468,25126716,25126716,24949713,0.993,0.909,0.763,0.454,0.77
S5_StJohns_3470,25118451,25118450,24941804,0.993,0.909,0.764,0.458,0.767
S6_Waccamaw_1691,25000044,25000043,24825598,0.993,0.908,0.765,0.457,0.77
S1_Tusket_013,25516190,25516188,25337390,0.993,0.91,0.766,0.457,0.766
S6_LaHave_3607,24769897,24769896,24596737,0.993,0.906,0.763,0.452,0.771
S1_Musquodoboit_025,25488696,25488696,25308666,0.9929,0.906,0.763,0.454,0.771
S5_Connecticut_985,24818031,24818031,24644604,0.993,0.91,0.764,0.455,0.767
S6_Waccamaw_1681,24640244,24640243,24468607,0.993,0.908,0.765,0.456,0.772
S3_Annapolis_271,24942530,24942530,24767785,0.993,0.908,0.764,0.458,0.77
S6_Altamaha_3972,25112699,25112697,24936668,0.993,0.906,0.762,0.458,0.773
S6_Kennetcook_3569,24598730,24598730,24427216,0.993,0.908,0.762,0.455,0.771
S6_Kennetcook_3566,24424550,24424550,24254417,0.993,0.907,0.761,0.453,0.768
S5_Connecticut_979,24404740,24404740,24233487,0.993,0.907,0.765,0.457,0.768
S6_Kennetcook_3564,24148896,24148895,23982049,0.9931,0.907,0.764,0.457,0.774
S6_Musquodoboit_1546,24250105,24250102,24080783,0.993,0.907,0.762,0.453,0.77
S3_Waccamaw_1719,24076646,24076643,23909850,0.9931,0.905,0.758,0.456,0.772
S3_Palmer_539,23961536,23961535,23793400,0.993,0.908,0.763,0.456,0.772
S6_Waccamaw_1680,23652280,23652279,23486806,0.993,0.908,0.763,0.456,0.768
S6_LaHave_3611,23630057,23630057,23465536,0.993,0.907,0.761,0.453,0.767
S3_Waccamaw_1711,23841493,23841492,23674776,0.993,0.911,0.764,0.453,0.772
S1_Musquodoboit_001,23772719,23772716,23605701,0.993,0.908,0.765,0.458,0.769
S3_Musquodoboit_600,23482501,23482501,23318022,0.993,0.908,0.762,0.452,0.773
S6_Musquodoboit_1544,23496741,23496739,23333132,0.993,0.908,0.764,0.456,0.769
S5_Hudson_1179,23435345,23435345,23271720,0.993,0.908,0.766,0.456,0.767
S5_Connecticut_991,23192156,23192156,23028505,0.9929,0.909,0.764,0.455,0.768
S3_Annapolis_291,23133220,23133220,22971475,0.993,0.907,0.762,0.452,0.776
S3_Cooper_1779,23129994,23129991,22969157,0.993,0.907,0.761,0.453,0.772
S1_Tusket_016,23617069,23617068,23451380,0.993,0.91,0.766,0.456,0.769
S6_LaHave_3604,22901547,22901547,22741237,0.993,0.908,0.766,0.456,0.768
S5_Connecticut_984,22805364,22805364,22646103,0.993,0.909,0.763,0.456,0.766
S5_Kennetcook_3551,22770156,22770156,22610308,0.993,0.909,0.762,0.455,0.764
S3_Annis_507,22568547,22568543,22410602,0.993,0.906,0.761,0.451,0.775
S1_Tusket_014,22899160,22899159,22739741,0.993,0.907,0.761,0.454,0.768
S1_Tusket_027,23187566,23187565,23025088,0.993,0.908,0.767,0.454,0.767
S5_Hudson_1178,22252852,22252852,22096660,0.993,0.91,0.767,0.457,0.767
S3_Annis_509,22066675,22066675,21911676,0.993,0.909,0.766,0.46,0.768
S3_Annapolis_294,22482395,22482394,22324585,0.993,0.908,0.764,0.454,0.773
S6_Waccamaw_1686,22246884,22246879,22091429,0.993,0.908,0.758,0.453,0.769
S5_Hudson_1181,21854274,21854271,21701277,0.993,0.908,0.761,0.452,0.767
S6_LaHave_3606,21908314,21908314,21755751,0.993,0.907,0.762,0.454,0.772
S3_Waccamaw_1712,22168297,22168296,22013253,0.993,0.908,0.761,0.451,0.771
S6_Altamaha_3952,22229705,22229705,22072758,0.9929,0.906,0.763,0.458,0.777
S5_Connecticut_987,21756981,21756980,21604312,0.993,0.908,0.763,0.456,0.765
S6_Kennetcook_3563,21959704,21959703,21805771,0.993,0.907,0.764,0.453,0.769
S5_Connecticut_996,21672558,21672558,21519924,0.993,0.91,0.762,0.453,0.771
S3_Waccamaw_1710,21780050,21780050,21628953,0.9931,0.908,0.763,0.457,0.776
S3_Annapolis_292,21768541,21768541,21616604,0.993,0.905,0.758,0.453,0.776
S6_Altamaha_3974,21679131,21679129,21529714,0.9931,0.906,0.761,0.455,0.776
S5_StJohns_3457,21355973,21355973,21206420,0.993,0.909,0.764,0.457,0.772
S3_Annapolis_283,21432126,21432124,21281805,0.993,0.911,0.764,0.453,0.774
S3_Musquodoboit_595,21152287,21152287,21002804,0.9929,0.907,0.764,0.457,0.768
S3_Annapolis_286,21207321,21207320,21056654,0.9929,0.909,0.761,0.452,0.77
S1_Musquodoboit_026,21958442,21958442,21803864,0.993,0.906,0.76,0.454,0.766
S1_Tusket_025,21400457,21400456,21249438,0.9929,0.907,0.76,0.454,0.765
S1_Tusket_003,21647530,21647530,21495233,0.993,0.906,0.762,0.457,0.772
S1_Annapolis_21,20945373,20945371,20798817,0.993,0.908,0.761,0.453,0.772
S5_StJohns_3462,21101739,21101739,20953290,0.993,0.908,0.763,0.451,0.772
S5_Hudson_1192,20719521,20719521,20574934,0.993,0.906,0.764,0.457,0.766
S5_Connecticut_997,20621533,20621530,20476825,0.993,0.91,0.764,0.455,0.771
S5_Hudson_1173,20356213,20356212,20213500,0.993,0.908,0.762,0.453,0.765
S1_Annapolis_6,20771631,20771631,20627579,0.9931,0.91,0.766,0.454,0.769
S5_Kennetcook_3539,20459930,20459928,20316031,0.993,0.907,0.763,0.46,0.766
S5_Hudson_1187,20382828,20382827,20239385,0.993,0.909,0.763,0.456,0.77
S5_StJohns_3474,20221059,20221059,20079334,0.993,0.909,0.762,0.453,0.77
S5_Connecticut_999,20134322,20134322,19992604,0.993,0.909,0.764,0.454,0.769
S6_Kennetcook_3565,20007646,20007646,19867361,0.993,0.909,0.764,0.456,0.767
S5_Hudson_1168,19879932,19879932,19740723,0.993,0.912,0.765,0.456,0.764
S3_Annapolis_273,19983225,19983222,19846257,0.9931,0.91,0.761,0.453,0.771
S5_Hudson_1175,19792653,19792653,19654907,0.993,0.909,0.766,0.457,0.771
S5_Hudson_1176,19461420,19461417,19326225,0.9931,0.907,0.761,0.454,0.768
S5_StJohns_3458,20161641,20161640,20019063,0.9929,0.907,0.761,0.455,0.768
S3_Cooper_1786,19409125,19409124,19274032,0.993,0.91,0.763,0.458,0.778
S6_Kennetcook_3560,19160153,19160152,19025618,0.993,0.907,0.764,0.456,0.767
S1_Tusket_020,19406972,19406972,19270948,0.993,0.907,0.763,0.455,0.763
S5_Kennetcook_3543,19073887,19073886,18940052,0.993,0.908,0.763,0.454,0.769
S5_Kennetcook_3554,18838210,18838208,18706179,0.993,0.908,0.762,0.451,0.763
S6_LaHave_3614,18914638,18914636,18782245,0.993,0.909,0.76,0.454,0.767
S6_Musquodoboit_1542,18781738,18781737,18650839,0.993,0.908,0.762,0.455,0.769
S5_Kennetcook_3537,18927216,18927215,18794191,0.993,0.907,0.763,0.455,0.769
S3_Annapolis_295,19097837,19097836,18964208,0.993,0.909,0.763,0.455,0.77
S6_Altamaha_3964,19049878,19049878,18916313,0.993,0.906,0.765,0.457,0.772
S3_Cooper_1788,18962022,18962021,18829340,0.993,0.909,0.764,0.454,0.769
S3_Cooper_1787,18999297,18999295,18866013,0.993,0.911,0.766,0.456,0.767
S1_Tusket_001,18913520,18913518,18780349,0.993,0.909,0.766,0.459,0.764
S5_StJohns_3464,18347436,18347434,18217769,0.9929,0.908,0.765,0.457,0.765
S3_Waccamaw_1703,18424012,18424011,18293665,0.9929,0.908,0.763,0.457,0.767
S6_Altamaha_3968,18322527,18322524,18195043,0.993,0.906,0.764,0.458,0.768
S5_Kennetcook_3549,18267312,18267311,18139462,0.993,0.908,0.764,0.455,0.772
S3_Annapolis_298,18177959,18177959,18048592,0.9929,0.909,0.759,0.447,0.773
S3_Waccamaw_1707,18060440,18060437,17935967,0.9931,0.909,0.762,0.453,0.769
S1_Annapolis_31,18212043,18212042,18083549,0.9929,0.909,0.762,0.459,0.767
S5_Hudson_1189,17950055,17950055,17823499,0.9929,0.908,0.765,0.455,0.764
S6_Altamaha_3949,17941423,17941421,17816489,0.993,0.906,0.762,0.457,0.775
S5_Kennetcook_3552,17700263,17700262,17577334,0.9931,0.906,0.764,0.46,0.767
S5_Connecticut_986,17527649,17527649,17405066,0.993,0.909,0.765,0.459,0.767
S3_Annapolis_035,17756092,17756092,17633289,0.9931,0.911,0.767,0.457,0.773
S3_Annis_511,17488020,17488019,17364992,0.993,0.909,0.764,0.459,0.771
S6_Altamaha_3957,17148547,17148544,17030703,0.9931,0.906,0.765,0.457,0.781
S5_Kennetcook_3542,17048460,17048460,16927790,0.9929,0.908,0.765,0.455,0.762
S3_Annapolis_034,17192842,17192842,17072602,0.993,0.91,0.765,0.457,0.774
S3_Musquodoboit_596,16747355,16747354,16629655,0.993,0.907,0.76,0.457,0.771
S1_Tusket_002,16883381,16883381,16765599,0.993,0.906,0.76,0.452,0.765
S6_Annis_4790,17125961,17125960,17006989,0.9931,0.906,0.762,0.451,0.767
S5_Kennetcook_3538,16401826,16401826,16287090,0.993,0.909,0.766,0.456,0.767
S5_Kennetcook_3556,16497154,16497153,16382198,0.993,0.908,0.762,0.457,0.768
S3_Cooper_1793,16601957,16601957,16485628,0.993,0.909,0.765,0.455,0.766
S3_Palmer_538,16637612,16637611,16519097,0.9929,0.908,0.764,0.452,0.77
S3_Cooper_1777,16484534,16484534,16369317,0.993,0.913,0.767,0.455,0.768
S6_Altamaha_3969,16710813,16710812,16595309,0.9931,0.907,0.767,0.462,0.772
S6_Altamaha_3955,16510966,16510965,16396000,0.993,0.906,0.764,0.453,0.776
S1_Annapolis_16,16448083,16448083,16332444,0.993,0.909,0.766,0.456,0.766
S1_Annapolis_14,16527938,16527937,16412084,0.993,0.909,0.762,0.455,0.764
S1_Tusket_004,16417278,16417277,16302728,0.993,0.907,0.762,0.453,0.77
S5_Hudson_1196,15972382,15972381,15860641,0.993,0.91,0.764,0.456,0.769
S5_StJohns_3472,16062946,16062946,15950481,0.993,0.91,0.763,0.456,0.768
S5_StJohns_3466,15943108,15943108,15832326,0.9931,0.909,0.763,0.454,0.764
S5_Kennetcook_3548,15886900,15886895,15775602,0.993,0.908,0.766,0.457,0.771
S3_Cooper_1785,15910712,15910712,15799918,0.993,0.908,0.768,0.459,0.767
S6_Altamaha_3975,16211162,16211162,16097892,0.993,0.906,0.757,0.451,0.775
S1_Tusket_011,16071104,16071103,15959376,0.993,0.909,0.764,0.453,0.771
S5_Hudson_1190,15721472,15721472,15610205,0.9929,0.905,0.761,0.456,0.765
S6_Altamaha_3971,15815085,15815084,15706607,0.9931,0.903,0.759,0.455,0.774
S5_Connecticut_978,15553147,15553147,15443481,0.9929,0.908,0.763,0.455,0.765
S3_Waccamaw_1717,15646834,15646834,15537200,0.993,0.906,0.762,0.459,0.77
S5_Kennetcook_3536,15434959,15434959,15326682,0.993,0.908,0.764,0.456,0.767
S3_Waccamaw_1718,15454487,15454486,15346327,0.993,0.907,0.762,0.454,0.767
S5_Hudson_1195,15334879,15334879,15226828,0.993,0.906,0.761,0.453,0.771
S3_Annapolis_284,15336846,15336846,15229392,0.993,0.909,0.763,0.456,0.774
S3_Waccamaw_1706,15094902,15094902,14990345,0.9931,0.908,0.763,0.453,0.768
S3_Waccamaw_1709,14972038,14972037,14866840,0.993,0.903,0.759,0.454,0.775
S3_Annapolis_274,15080916,15080916,14973246,0.9929,0.91,0.764,0.457,0.768
S1_Tusket_036,15101640,15101640,14995822,0.993,0.908,0.766,0.458,0.77
S1_Tusket_007,15146649,15146644,15039738,0.9929,0.908,0.763,0.459,0.769
S1_Annapolis_11,15009889,15009887,14904440,0.993,0.906,0.766,0.46,0.764
S1_Musquodoboit_004,15247121,15247121,15140995,0.993,0.908,0.765,0.46,0.769
S5_StJohns_3471,14584875,14584875,14481316,0.9929,0.91,0.765,0.456,0.767
S1_Tusket_032,14976473,14976473,14870866,0.9929,0.908,0.764,0.458,0.772
S5_Hudson_1172,14722291,14722290,14618924,0.993,0.908,0.764,0.451,0.763
S6_Altamaha_3948,14749906,14749905,14648927,0.9932,0.904,0.755,0.452,0.774
S6_Altamaha_3951,14760421,14760421,14659064,0.9931,0.909,0.76,0.453,0.768
S3_Annapolis_297,14557168,14557168,14455188,0.993,0.91,0.762,0.45,0.772
S6_Altamaha_3967,14637048,14637048,14534637,0.993,0.903,0.76,0.45,0.77
S3_Annis_506,14714403,14714403,14610722,0.993,0.909,0.764,0.459,0.774
S5_Connecticut_983,14210221,14210218,14111622,0.9931,0.907,0.76,0.455,0.764
S5_Kennetcook_3558,13606493,13606493,13512024,0.9931,0.91,0.762,0.457,0.769
S1_Tusket_034,13731761,13731761,13636167,0.993,0.907,0.766,0.46,0.767
S6_Kennetcook_3567,13633899,13633897,13539350,0.9931,0.909,0.762,0.454,0.767
S1_Musquodoboit_002,13593731,13593731,13499017,0.993,0.907,0.763,0.456,0.769
S1_Tusket_009,13517527,13517527,13423034,0.993,0.908,0.765,0.462,0.771
S6_Altamaha_3970,13363610,13363607,13270773,0.9931,0.904,0.762,0.454,0.774
S5_StJohns_3469,13076707,13076707,12983755,0.9929,0.908,0.763,0.456,0.769
S5_StJohns_3465,12988636,12988636,12898302,0.993,0.909,0.764,0.455,0.77
S1_Musquodoboit_003,12991809,12991809,12900197,0.9929,0.908,0.764,0.457,0.764
S3_Waccamaw_1716,12831271,12831270,12739750,0.9929,0.911,0.763,0.459,0.769
S5_Hudson_1177,12886250,12886249,12796519,0.993,0.91,0.765,0.455,0.775
S6_Altamaha_3956,12949757,12949757,12860708,0.9931,0.903,0.761,0.452,0.78
S6_Kennetcook_3561,12675386,12675385,12587713,0.9931,0.908,0.763,0.449,0.776
S5_StJohns_3467,12454988,12454988,12367353,0.993,0.909,0.764,0.456,0.769
S3_Annapolis_296,12410005,12410005,12323615,0.993,0.911,0.763,0.453,0.77
S1_Tusket_012,12490373,12490373,12402399,0.993,0.908,0.766,0.455,0.77
S1_Musquodoboit_014,12380166,12380166,12294535,0.9931,0.91,0.762,0.457,0.766
S1_Musquodoboit_011,12340575,12340575,12253922,0.993,0.907,0.76,0.455,0.768
S6_Altamaha_3950,12275687,12275686,12190794,0.9931,0.905,0.756,0.449,0.774
S1_Tusket_018,12352236,12352235,12265778,0.993,0.911,0.767,0.46,0.766
S6_Altamaha_3946,11967976,11967975,11885181,0.9931,0.903,0.76,0.456,0.777
S1_Annapolis_005,11804913,11804912,11723522,0.9931,0.908,0.764,0.453,0.76
S1_Musquodoboit_030,11784692,11784692,11702214,0.993,0.91,0.764,0.457,0.77
S1_Tusket_035,11850843,11850843,11767642,0.993,0.907,0.765,0.459,0.765
S1_Annapolis_9,11409789,11409789,11329806,0.993,0.91,0.763,0.455,0.772
S1_Tusket_017,11515845,11515845,11435107,0.993,0.908,0.763,0.456,0.765
S6_Altamaha_3961,11081253,11081252,11004094,0.993,0.905,0.764,0.451,0.77
S1_Annapolis_26,10807151,10807150,10732005,0.993,0.908,0.762,0.454,0.776
S1_Tusket_033,10942238,10942237,10865544,0.993,0.911,0.762,0.456,0.775
S6_Altamaha_3963,10811152,10811150,10736873,0.9931,0.903,0.758,0.456,0.775
S1_Musquodoboit_028,10562249,10562248,10488021,0.993,0.906,0.765,0.458,0.769
S1_Annapolis_004,10282992,10282991,10210070,0.9929,0.909,0.764,0.459,0.774
S5_Hudson_1174,10002578,10002577,9932866,0.993,0.908,0.761,0.451,0.772
S5_Connecticut_980,9999982,9999981,9929284,0.9929,0.904,0.76,0.455,0.767
S6_Altamaha_3959,10097498,10097497,10027239,0.993,0.911,0.769,0.452,0.776
S5_Kennetcook_3550,9724642,9724642,9656539,0.993,0.911,0.763,0.452,0.766
S1_Annapolis_4,9956562,9956561,9886491,0.993,0.908,0.768,0.458,0.771
S1_Musquodoboit_019,10020021,10020021,9950084,0.993,0.911,0.765,0.456,0.763
S1_Annapolis_0N3,9933192,9933192,9863293,0.993,0.909,0.762,0.456,0.766
S6_Altamaha_3947,9852744,9852744,9784106,0.993,0.906,0.761,0.455,0.774
S6_Altamaha_3965,9815405,9815404,9746859,0.993,0.904,0.764,0.453,0.77
S1_Annapolis_20,9595213,9595213,9528071,0.993,0.911,0.763,0.457,0.771
S1_Tusket_008,9497807,9497807,9431148,0.993,0.905,0.756,0.452,0.768
S1_Musquodoboit_022,9632126,9632126,9564383,0.993,0.907,0.762,0.454,0.777
S1_Musquodoboit_009,9455629,9455629,9390349,0.9931,0.909,0.765,0.46,0.763
S1_Annapolis_002,9199420,9199420,9135023,0.993,0.908,0.765,0.46,0.77
S6_Annis_4795,9116932,9116931,9053213,0.993,0.904,0.756,0.448,0.772
S1_Annapolis_001,8822503,8822503,8759854,0.9929,0.91,0.77,0.463,0.77
S1_Musquodoboit_023,8813545,8813545,8751095,0.9929,0.905,0.763,0.458,0.767
S1_Annapolis_0N1,8758325,8758325,8696796,0.993,0.905,0.764,0.461,0.771
S1_Musquodoboit_021,8695459,8695458,8634254,0.993,0.908,0.765,0.462,0.767
S1_Tusket_010,8705910,8705909,8645183,0.993,0.908,0.763,0.454,0.769
S1_Annapolis_12,8554838,8554838,8494757,0.993,0.909,0.768,0.456,0.769
S1_Musquodoboit_010,8606330,8606330,8545226,0.9929,0.907,0.769,0.46,0.762
S1_Tusket_019,8432038,8432038,8372264,0.9929,0.91,0.763,0.458,0.765
S3_Musquodoboit_593,8211016,8211016,8153812,0.993,0.911,0.768,0.456,0.774
S1_Tusket_031,8147887,8147887,8090385,0.9929,0.912,0.77,0.459,0.764
S1_Musquodoboit_006,7970951,7970951,7915343,0.993,0.907,0.761,0.45,0.768
S1_Musquodoboit_012,8028121,8028121,7970832,0.9929,0.909,0.765,0.453,0.765
S6_Annis_4793,7862395,7862395,7805933,0.9928,0.909,0.764,0.45,0.772
S1_Annapolis_8,8037117,8037117,7980044,0.9929,0.911,0.762,0.457,0.777
S6_Altamaha_3954,7469868,7469868,7418320,0.9931,0.904,0.76,0.456,0.781
S1_Musquodoboit_016,7263181,7263181,7212177,0.993,0.911,0.764,0.456,0.769
S6_Annis_4797,7388854,7388854,7338008,0.9931,0.907,0.766,0.462,0.772
S1_Annapolis_29,6686363,6686363,6638736,0.9929,0.908,0.758,0.453,0.77
S1_Annapolis_0N2,6446878,6446878,6401913,0.993,0.908,0.766,0.456,0.767
S6_Altamaha_3966,6433060,6433059,6388661,0.9931,0.906,0.762,0.456,0.772
S1_Annapolis_15,6544127,6544127,6498085,0.993,0.908,0.759,0.455,0.769
S1_Musquodoboit_024,6420834,6420834,6376728,0.9931,0.909,0.765,0.46,0.766
S1_Tusket_005,6186866,6186866,6143787,0.993,0.906,0.759,0.451,0.771
S1_Annapolis_10,6041685,6041685,5999709,0.9931,0.91,0.762,0.456,0.77
S5_Hudson_1194,5758999,5758999,5718031,0.9929,0.91,0.766,0.461,0.771
S1_Annapolis_18,5869051,5869051,5827968,0.993,0.907,0.761,0.449,0.771
S1_Annapolis_13,5845533,5845533,5804067,0.9929,0.908,0.767,0.463,0.776
S1_Musquodoboit_017,5745233,5745232,5704740,0.993,0.908,0.765,0.455,0.768
S1_Musquodoboit_008,5826748,5826748,5785986,0.993,0.906,0.767,0.459,0.765
S3_Annapolis_275,5685809,5685809,5645422,0.9929,0.91,0.763,0.452,0.772
S1_Annapolis_17,5181781,5181781,5145337,0.993,0.912,0.768,0.454,0.774
S1_Musquodoboit_029,4923223,4923223,4889206,0.9931,0.901,0.756,0.45,0.766
S3_Cooper_1789,4519241,4519241,4488100,0.9931,0.904,0.759,0.45,0.772
S3_Cooper_1792,4798796,4798796,4765370,0.993,0.91,0.764,0.462,0.766
S5_Connecticut_993,4357410,4357410,4326770,0.993,0.904,0.759,0.449,0.763
S5_Connecticut_990,4277635,4277634,4247882,0.993,0.908,0.763,0.454,0.762
S6_Annis_4798,4321704,4321704,4292480,0.9932,0.908,0.763,0.455,0.772
S6_Altamaha_3973,4382624,4382624,4352109,0.993,0.908,0.769,0.46,0.785
S1_Musquodoboit_007,4330076,4330073,4299883,0.993,0.905,0.765,0.456,0.767
S3_Musquodoboit_599,4212687,4212687,4183032,0.993,0.91,0.766,0.454,0.777
S6_Altamaha_3960,4062157,4062157,4034635,0.9932,0.9,0.763,0.451,0.781
S1_Musquodoboit_005,4042381,4042381,4014093,0.993,0.904,0.748,0.45,0.776
S3_Annapolis_281,3857447,3857446,3830208,0.9929,0.906,0.764,0.454,0.775
S6_Altamaha_3958,3838202,3838202,3811521,0.993,0.902,0.762,0.454,0.785
S5_Connecticut_981,3744181,3744181,3717841,0.993,0.908,0.764,0.456,0.77
S1_Musquodoboit_018,3621261,3621261,3596378,0.9931,0.908,0.765,0.461,0.763
S1_Musquodoboit_020,3659038,3659038,3632993,0.9929,0.908,0.765,0.454,0.773
S6_Altamaha_3953,3511679,3511679,3487427,0.9931,0.909,0.769,0.462,0.773
S5_Hudson_1197,3324112,3324112,3301327,0.9931,0.904,0.766,0.455,0.76
S6_Altamaha_3962,3336611,3336611,3313700,0.9931,0.902,0.761,0.462,0.778
S3_Annapolis_038,2942175,2942175,2921687,0.993,0.906,0.759,0.459,0.775
S5_Hudson_1182,2753720,2753720,2734095,0.9929,0.907,0.76,0.459,0.767
S3_Annapolis_036,1838869,1838869,1825934,0.993,0.908,0.76,0.462,0.779
S6_Annis_4791,1558713,1558713,1547979,0.9931,0.907,0.758,0.45,0.769
S3_Annapolis_280,1255415,1255415,1246676,0.993,0.9,0.763,0.47,0.777
S1_Tusket_022,1254620,1254620,1245948,0.9931,0.898,0.757,0.453,0.773
S5_Hudson_1170,938592,938592,932011,0.993,0.912,0.768,0.457,0.769
S6_Annis_4792,603495,603495,599345,0.9931,0.927,0.76,0.469,0.769
S6_Annis_4794,449128,449128,445871,0.9927,0.887,0.755,0.468,0.771
S5_Connecticut_995,207487,207487,206055,0.9931,0.892,0.745,0.451,0.771
S6_Annis_4796,64135,64135,63612,0.9918,0.933,0.807,0.511,0.717
S3_Waccamaw_1715,1165,1165,1153,0.9897,0.917,0.667,0.5,0.917
S5_StJohns_3461,1144,1144,1140,0.9965,0.75,0.75,0.5,1.0
