Sample,Reads (Before),Reads (After),Bases (Before),Bases (After),% Q20 (Before),% Q20 (After),% Q30 (Before),% Q30 (After),% GC (Before),% GC (After)
S3_Waccamaw_1721,90892696,85394070,10287918808,9044951336,97.66,99.28,92.09,95.41,44.29,43.88
S1_Tusket_015,97007348,87185422,10980022831,9487482698,96.2,98.87,87.99,93.38,44.79,44.11
S3_Cooper_1781,100762774,92670620,11405501680,9910881094,96.98,99.1,90.22,94.53,44.66,44.1
S3_Waccamaw_1704,133729584,123972816,15136839304,13179147959,97.13,99.13,90.59,94.64,44.91,44.38
S3_Waccamaw_1705,86133346,80272006,9749343387,8454494214,97.4,99.17,91.19,94.82,44.72,44.23
S3_Musquodoboit_594,89502354,84193884,10130410184,8963250476,97.71,99.28,92.12,95.34,43.95,43.52
S5_Hudson_1193,86233046,77864274,9761081274,8506932803,96.32,98.94,88.58,93.83,44.95,44.2
S5_Kennetcook_3546,197793470,176618850,22387686443,19277703066,96.11,98.88,87.92,93.5,44.95,44.16
S1_Annapolis_27,84822162,76641032,9600883961,8304551687,96.19,98.93,88.25,93.73,45.58,44.85
S1_Musquodoboit_027,83394182,72730994,9439640792,7838162304,95.09,98.73,85.7,92.84,46.42,45.35
S5_Connecticut_977,82552212,74474150,9343487820,8146349349,96.44,98.94,88.74,93.82,44.54,43.83
S3_Palmer_537,82977120,77397200,9392089546,8216496345,97.46,99.23,91.5,95.13,44.16,43.66
S5_Kennetcook_3540,81082208,73255390,9177754670,8020326497,96.48,98.97,88.91,93.97,44.59,43.85
S3_Annis_513,81402372,76323234,9212972613,8143265199,97.64,99.27,91.98,95.34,43.74,43.3
S3_Annapolis_282,81307624,76623928,9202139794,7980879715,97.82,99.33,92.58,95.67,44.33,43.86
S3_Cooper_1783,81462512,76296092,9219801368,8085302264,97.57,99.27,91.87,95.33,44.24,43.76
S3_Cooper_1780,78873372,73947364,8927005005,7787482510,97.56,99.25,91.82,95.27,44.65,44.2
S3_Annapolis_272,78986280,73751070,8939880041,7808876199,97.49,99.25,91.67,95.26,44.28,43.79
S3_Cooper_1784,77454638,70615666,8768395423,7563070413,96.82,99.07,89.77,94.34,44.65,44.03
S1_Annapolis_7,75513086,67025982,8547197128,7267629263,95.67,98.78,86.83,93.01,45.49,44.64
S3_Annapolis_039,78269246,72148412,8858618064,7703447940,97.08,99.16,90.55,94.79,44.58,44.0
S1_Annapolis_003,76168076,70482472,8621253115,7646783044,96.9,99.08,90.02,94.38,45.16,44.62
S3_Musquodoboit_601,76182042,71897122,8622330309,7472536335,97.82,99.33,92.57,95.66,43.68,43.2
S6_Annis_4799,76303692,72375076,8636090784,6911580496,97.83,99.31,92.77,95.78,44.8,44.27
S3_Annapolis_290,75142148,70910956,8504810480,7453208705,97.87,99.33,92.59,95.6,43.75,43.32
S6_LaHave_3615,74812992,70398396,8467404873,7055931740,97.64,99.25,92.15,95.41,44.3,43.75
S6_Musquodoboit_1547,73322954,69258110,8298914664,6805268110,97.78,99.28,92.49,95.55,44.32,43.78
S5_Connecticut_989,72794322,66129326,8239776472,7240249971,96.59,98.97,89.1,93.95,44.51,43.85
S3_Annapolis_288,72994036,64637584,8263296173,6905322798,95.71,98.88,87.22,93.52,46.05,45.12
S1_Tusket_026,72619230,65212190,8219945274,7088528863,95.99,98.82,87.51,93.16,45.19,44.42
S1_Tusket_029,72174978,67166502,8168919121,7303855920,97.12,99.09,90.44,94.42,43.68,43.21
S6_Waccamaw_1689,72219104,68184508,8173496397,6727933056,97.78,99.28,92.53,95.58,44.62,44.1
S3_Waccamaw_1720,71777002,64748328,8123720820,6945436451,96.39,99.0,88.81,94.07,45.26,44.52
S1_Tusket_006,70425650,63758274,7971522141,6918659989,96.12,98.9,88.06,93.59,45.53,44.8
S6_Waccamaw_1684,70004620,65910164,7922970316,6545379909,97.72,99.26,92.32,95.48,44.0,43.45
S1_Tusket_021,68122414,61096148,7710664309,6594619009,95.84,98.85,87.45,93.39,45.7,44.94
S3_Annapolis_287,71598836,67395058,8102784566,7009640578,97.75,99.3,92.31,95.49,44.08,43.54
S6_LaHave_3608,68598342,64537536,7764586056,6483721667,97.66,99.23,92.1,95.29,44.43,43.91
S1_Tusket_023,68677788,63080492,7773907826,6823789728,96.68,99.02,89.43,94.13,44.28,43.65
S3_Cooper_1782,67459826,60951798,7635948738,6538185794,96.34,98.97,88.6,93.91,45.28,44.54
S6_Musquodoboit_1545,66924376,63003644,7574838839,6305549250,97.59,99.21,91.92,95.19,44.48,43.95
S5_StJohns_3459,66376548,60208490,7513574782,6573743494,96.52,98.96,88.96,93.89,45.16,44.5
S3_Annis_510,67554672,63321966,7645879050,6644707903,97.6,99.26,91.92,95.3,44.64,44.17
S5_Connecticut_976,65264202,59990416,7387301225,6558905282,96.93,98.99,89.81,94.05,43.8,43.27
S1_Musquodoboit_015,64822906,56503788,7337873154,6074910286,94.99,98.65,85.3,92.47,46.58,45.53
S5_Kennetcook_3541,64836690,57112644,7339713478,6202656658,95.5,98.72,86.45,92.85,45.43,44.43
S5_Hudson_1191,65681820,60901390,7434071835,6634370961,97.2,99.09,90.66,94.56,43.92,43.43
S1_Musquodoboit_013,65276182,60081716,7388950356,6584365908,97.14,99.1,90.28,94.37,47.55,47.14
S6_Waccamaw_1682,65602226,61777384,7425133843,6070930234,97.66,99.23,92.09,95.29,44.5,43.92
S1_Tusket_030,64562790,57354238,7308120995,6184194132,95.65,98.78,86.83,93.03,45.84,44.98
S6_LaHave_3616,65251630,61677974,7384930364,6011320824,97.81,99.27,92.58,95.55,44.99,44.45
S5_Connecticut_998,64991110,59078216,7356318586,6475853405,96.59,98.99,89.15,94.02,44.48,43.8
S3_Annapolis_279,64883672,61064298,7343139974,6415184395,97.68,99.23,91.93,95.1,43.85,43.39
S6_Kennetcook_3559,64601440,60763284,7311757210,5992350973,97.63,99.24,92.08,95.35,44.75,44.22
S6_Musquodoboit_1543,64653574,60399908,7317871239,6068172893,97.48,99.2,91.67,95.18,44.49,43.92
S1_Tusket_024,63930430,56439370,7235695007,6108207332,95.57,98.79,86.68,93.05,45.59,44.67
S6_Musquodoboit_1551,64752634,60977510,7329001733,6071624761,97.74,99.28,92.42,95.58,44.29,43.74
S3_Annapolis_285,64833616,59972072,7337745711,6400746609,97.15,99.15,90.68,94.76,44.69,44.15
S5_Connecticut_992,63071872,57886848,7138499850,6339831382,96.88,99.02,89.81,94.19,44.29,43.69
S5_Connecticut_988,62719414,57140380,7098878746,6252334880,96.67,98.96,89.24,93.93,44.22,43.61
S6_Waccamaw_1678,62990830,59468502,7129725812,5837074422,97.75,99.24,92.29,95.37,44.03,43.46
S6_Waccamaw_1688,62800824,58998076,7107257810,5845242105,97.69,99.25,92.22,95.42,44.26,43.66
S3_Annapolis_037,63122618,58516376,7144867998,6238294154,97.21,99.2,90.98,95.02,44.52,43.99
S6_LaHave_3610,63009772,59554064,7131449800,5856583672,97.83,99.29,92.64,95.64,44.08,43.54
S6_LaHave_3613,62284130,58384212,7049586579,5843540469,97.55,99.21,91.86,95.25,44.41,43.86
S6_Musquodoboit_1540,61867064,58161904,7001877982,5775560276,97.63,99.22,92.01,95.23,44.55,44.01
S6_Waccamaw_1690,62544350,59010030,7078818267,5760364297,97.78,99.3,92.56,95.66,44.49,43.84
S6_LaHave_3609,61608628,57576704,6973918570,5877496435,97.37,99.15,91.31,94.94,44.59,44.05
S6_Hudson_1199,61723958,58303234,6986410297,5814906901,97.83,99.28,92.56,95.51,44.64,44.11
S3_Waccamaw_1708,61889368,58206128,7004723776,6133345521,97.71,99.29,92.23,95.46,44.11,43.65
S3_Annis_504,61629162,57031766,6975295197,6084368069,97.12,99.15,90.65,94.77,44.71,44.14
S3_Annis_508,60734954,57400216,6874026068,6058743127,98.11,99.34,92.93,95.59,46.34,46.09
S1_Tusket_028,60492494,53214824,6846976724,5751270307,95.44,98.75,86.32,92.88,45.72,44.82
S3_Waccamaw_1714,60830590,54926812,6885018566,5875073652,96.39,98.98,88.71,93.95,45.46,44.74
S6_Waccamaw_1683,60480484,57036710,6845036275,5644150538,97.78,99.26,92.42,95.45,44.24,43.69
S6_LaHave_3605,60056528,56695192,6797311094,5578503465,97.84,99.29,92.65,95.63,44.36,43.84
S5_Kennetcook_3547,58823758,54085512,6658580138,5927521629,96.84,99.0,89.67,94.06,44.6,44.03
S3_Musquodoboit_602,60085314,56335008,6800205718,5927647186,97.55,99.26,91.83,95.29,44.59,44.09
S5_Hudson_1180,59521310,55087894,6736628106,6029184856,97.04,99.1,90.38,94.57,44.12,43.59
S6_LaHave_3617,58560450,54913356,6628298401,5489674964,97.59,99.22,91.95,95.29,44.64,44.1
S6_Musquodoboit_1549,58470242,55009230,6618661245,5549845604,97.69,99.25,92.21,95.41,44.21,43.71
S6_Musquodoboit_1550,59047680,55805960,6682877338,5394380423,97.85,99.32,92.81,95.81,44.74,44.16
S3_Waccamaw_1713,58694884,54608732,6643089364,5759044880,97.34,99.21,91.26,95.05,45.0,44.47
S6_Musquodoboit_1541,57673566,53980856,6528287334,5482228754,97.43,99.17,91.48,94.99,44.63,44.1
S1_Tusket_013,57499088,51032380,6508410433,5501354053,95.56,98.78,86.73,93.07,45.96,45.09
S6_Musquodoboit_1548,57510690,54392390,6509301929,5267971997,97.87,99.31,92.79,95.73,44.72,44.17
S6_LaHave_3618,57787798,54480350,6540757931,5583461442,97.66,99.22,92.08,95.25,44.23,43.76
S5_Hudson_1169,56625420,50896450,6409547744,5551283776,96.13,98.84,87.91,93.36,45.04,44.3
S3_Annapolis_277,57361162,53878462,6491975897,5636300669,97.64,99.28,92.06,95.39,44.55,44.09
S1_Musquodoboit_025,56754594,50977392,6424075414,5499146734,95.77,98.85,87.36,93.39,46.06,45.26
S6_LaHave_3612,56664746,53426832,6413718847,5294570567,97.72,99.24,92.25,95.34,44.3,43.78
S6_Waccamaw_1679,56396916,53137994,6383147890,5255602103,97.71,99.25,92.27,95.4,44.25,43.68
S3_Musquodoboit_598,57390176,54157662,6495377564,5643197086,97.84,99.33,92.59,95.65,44.08,43.63
S5_StJohns_3470,55229492,50236902,6251549105,5488149355,96.59,98.97,89.17,93.99,44.75,44.08
S6_Hudson_1198,55452892,52088314,6276308754,5219824130,97.59,99.2,91.86,95.14,44.56,44.04
S6_Kennetcook_3568,55177166,51487442,6244880896,5185099553,97.41,99.19,91.51,95.14,45.07,44.51
S5_StJohns_3468,55119512,50253432,6239061146,5486161200,96.65,98.99,89.33,94.06,44.74,44.1
S5_Connecticut_985,54546262,49636062,6174031442,5440418381,96.64,98.97,89.19,93.93,44.3,43.67
S6_Kennetcook_3562,55083498,51777496,6234609636,5206250742,97.65,99.25,92.13,95.4,44.48,43.97
S6_Waccamaw_1685,55117440,52014668,6237594475,4881969886,97.6,99.27,92.24,95.57,46.63,46.13
S6_Waccamaw_1687,54687768,51619510,6189665192,5032671963,97.8,99.27,92.48,95.5,44.2,43.61
S5_Connecticut_979,53788320,48809480,6088130659,5333363500,96.43,98.9,88.57,93.56,45.01,44.36
S1_Musquodoboit_001,53190218,47545438,6020531869,5107156552,95.51,98.75,86.64,92.92,46.42,45.59
S3_Annapolis_033,54225274,50988772,6137644937,5230112864,97.72,99.3,92.28,95.48,44.58,44.02
S1_Tusket_016,53465602,47234138,6051692965,5089757274,95.42,98.75,86.35,92.89,45.96,44.99
S6_Waccamaw_1691,53005194,50000088,5998956182,4876653864,97.78,99.27,92.49,95.54,44.59,44.03
S1_Tusket_027,52682690,46375132,5962951561,5015934882,95.45,98.75,86.37,92.91,45.67,44.74
S6_LaHave_3607,52536594,49539794,5945562120,4912547964,97.78,99.25,92.37,95.41,44.09,43.56
S6_Kennetcook_3569,52650762,49197460,5959442633,4995635043,97.41,99.2,91.55,95.2,44.94,44.41
S3_Annapolis_271,53029834,49885060,6001817930,5260160227,97.66,99.28,92.09,95.4,44.56,44.11
S1_Tusket_014,51870516,45798320,5871284312,4936506147,95.44,98.75,86.39,92.9,45.76,44.86
S6_Kennetcook_3566,52129192,48849100,5900282180,4944747100,97.46,99.18,91.58,95.08,44.74,44.23
S6_Waccamaw_1681,52258742,49280488,5914413713,4941115279,97.71,99.25,92.27,95.41,44.33,43.83
S3_Palmer_539,51730460,47923072,5854789075,5069824942,97.17,99.15,90.72,94.75,45.02,44.5
S6_Altamaha_3972,52813762,50225398,5976568299,4484677527,97.98,99.36,93.25,96.06,44.96,44.19
S6_Musquodoboit_1546,51744218,48500210,5856524672,4909709537,97.53,99.23,91.85,95.3,44.68,44.13
S5_Connecticut_991,50762952,46384312,5745696786,5077089123,96.69,98.98,89.34,93.96,44.57,43.94
S5_Hudson_1179,50978364,46870690,5770029773,5127122669,96.91,99.06,90.03,94.43,44.44,43.87
S6_Kennetcook_3564,51058756,48297792,5778334917,4959449998,97.81,99.28,92.5,95.51,44.15,43.72
S3_Musquodoboit_600,50438256,46965002,5708717773,4990352613,97.25,99.14,90.79,94.63,46.92,46.51
S3_Waccamaw_1719,50943734,48153292,5765456388,4850676629,97.93,99.36,92.92,95.83,44.25,43.7
S5_Kennetcook_3551,50177908,45540312,5679956932,4970972876,96.52,98.97,88.99,93.95,45.02,44.34
S6_Waccamaw_1680,50489508,47304560,5714586501,4736065842,97.51,99.2,91.79,95.2,44.87,44.3
S6_LaHave_3611,50297826,47260114,5693244860,4698418814,97.57,99.23,91.99,95.35,45.3,44.78
S5_Connecticut_984,49453112,45610728,5597368548,4992890572,97.02,99.04,90.14,94.29,44.04,43.53
S6_LaHave_3604,49391770,45803094,5590459457,4744927807,97.13,99.1,90.65,94.63,44.89,44.33
S6_Musquodoboit_1544,50201780,46993482,5682142585,4864058561,97.49,99.21,91.71,95.23,44.64,44.16
S3_Waccamaw_1711,50463930,47682986,5711774315,4938311934,97.84,99.34,92.69,95.74,45.04,44.59
S1_Tusket_025,48938998,42800914,5539311886,4628766835,95.37,98.74,86.17,92.87,45.93,44.93
S3_Annapolis_291,49304518,46266440,5579873539,4833077616,97.66,99.25,91.98,95.25,44.2,43.73
S5_Hudson_1178,48601216,44505704,5501091239,4865129174,96.65,98.95,89.23,93.88,44.7,44.1
S1_Musquodoboit_026,49557510,43916884,5609642518,4705932935,95.28,98.79,86.4,93.21,46.35,45.38
S3_Cooper_1779,49253852,46259988,5574535862,4841328381,97.69,99.29,92.17,95.43,44.45,43.99
S1_Tusket_003,48830758,43295060,5526914046,4671150181,95.6,98.83,86.9,93.29,45.9,44.99
S5_Hudson_1181,47987126,43708548,5431512813,4768157697,96.59,98.96,89.12,93.9,44.71,44.09
S5_StJohns_3457,47287586,42711946,5351951264,4660793127,96.35,98.9,88.51,93.67,44.97,44.27
S5_Connecticut_996,47811848,43345116,5411718440,4742326716,96.5,98.91,88.76,93.64,44.58,43.91
S5_Connecticut_987,47235418,43513962,5346321022,4761314912,96.95,99.04,90.02,94.27,43.96,43.42
S3_Annis_507,47851226,45137094,5415010102,4656347808,97.8,99.3,92.45,95.52,43.8,43.3
S1_Annapolis_21,46744034,41890746,5291025591,4541569086,95.96,98.8,87.38,93.06,45.15,44.38
S5_Hudson_1187,46180764,40765656,5227191398,4438568587,95.67,98.77,86.85,93.02,45.56,44.61
S6_Kennetcook_3563,47412360,43919408,5366276909,4598693774,97.16,99.14,90.85,94.87,44.88,44.31
S3_Annapolis_294,47611806,44964790,5388430074,4616900051,97.88,99.37,92.85,95.9,43.91,43.37
S3_Waccamaw_1712,47208654,44336594,5342949907,4666304086,97.63,99.27,91.99,95.33,44.6,44.14
S3_Annis_509,46843206,44133350,5301757973,4481941799,97.88,99.32,92.65,95.59,43.7,43.15
S6_LaHave_3606,46567168,43816628,5270412216,4314620134,97.71,99.25,92.27,95.42,44.43,43.87
S6_Waccamaw_1686,46922888,44493768,5311043404,4343712450,97.94,99.32,92.94,95.77,44.06,43.49
S1_Annapolis_6,46117302,41543262,5219985144,4530429902,96.39,98.95,88.57,93.78,44.68,43.99
S6_Altamaha_3952,46979702,44459410,5316667695,4110157117,97.64,99.3,92.48,95.79,45.75,45.15
S5_StJohns_3462,45667784,42203478,5168656344,4609816389,97.01,99.07,90.21,94.43,44.28,43.72
S3_Waccamaw_1710,46153920,43560100,5223402231,4423101192,97.71,99.32,92.42,95.65,45.72,45.23
S5_StJohns_3458,45224422,40323282,5118566959,4402266665,96.07,98.93,88.0,93.74,45.64,44.73
S5_Connecticut_997,44931044,41243066,5085587504,4517989954,96.84,98.98,89.6,93.96,44.07,43.51
S5_Hudson_1192,44983464,41439042,5091639824,4524660107,96.94,99.04,90.0,94.27,44.41,43.88
S3_Annapolis_283,45748754,42864252,5177726163,4539792614,97.6,99.25,91.85,95.24,44.2,43.75
S6_Altamaha_3974,45803418,43358262,5183259758,3979029165,97.6,99.27,92.3,95.64,45.94,45.38
S3_Annapolis_292,46054860,43537082,5212056254,4421797983,97.99,99.39,93.1,95.98,43.72,43.17
S3_Musquodoboit_595,45023594,42304574,5095797373,4391795029,97.72,99.28,92.2,95.39,43.97,43.44
S5_Hudson_1173,44217472,40712426,5004607228,4452755410,96.95,99.03,90.0,94.23,44.34,43.81
S1_Tusket_020,44083298,38813944,4990209809,4182411246,95.32,98.7,86.01,92.65,45.79,44.86
S5_Kennetcook_3539,44411364,40919860,5027060366,4477820542,96.95,99.04,90.03,94.29,44.48,43.95
S3_Annapolis_286,44966812,42414642,5089022397,4362024299,97.84,99.33,92.62,95.65,44.76,44.3
S3_Cooper_1787,43709444,37998594,4947370999,4032845514,95.1,98.68,85.36,92.52,46.26,45.24
S5_Hudson_1168,43784576,39759864,4956157426,4345688677,96.52,98.93,88.88,93.76,44.71,44.06
S5_Connecticut_999,43581668,40268644,4932303043,4409408655,97.04,99.06,90.28,94.41,44.03,43.53
S5_StJohns_3474,43294762,40442118,4899978725,4403828114,97.32,99.13,91.02,94.73,44.19,43.74
S1_Tusket_001,42973466,37827040,4864106213,4060645108,95.19,98.7,85.85,92.7,46.29,45.32
S6_Kennetcook_3565,43052554,40015292,4873084707,4101982781,97.25,99.14,91.04,94.86,44.81,44.24
S5_Kennetcook_3543,42401926,38147774,4799467242,4165306200,96.31,98.92,88.46,93.73,44.76,44.02
S5_Hudson_1176,41849252,38922840,4736298581,4245617130,97.21,99.08,90.66,94.5,44.35,43.9
S3_Waccamaw_1703,41947468,36848024,4748270996,3953744789,95.55,98.81,86.69,93.2,45.93,44.97
S5_Hudson_1175,42328728,39585306,4790836395,4299892137,97.45,99.18,91.42,94.99,43.53,43.08
S3_Annapolis_273,42263804,39966450,4782955282,4075143674,97.84,99.34,92.68,95.72,44.85,44.35
S5_Kennetcook_3537,41388810,37854432,4684682829,4146669260,96.72,98.99,89.45,94.04,44.52,43.91
S6_Kennetcook_3560,40873430,38320306,4626514783,3820097229,97.49,99.18,91.63,95.05,44.88,44.36
S6_Musquodoboit_1542,40630390,37563476,4598713255,4005394838,97.11,99.09,90.5,94.55,44.36,43.82
S5_Kennetcook_3554,40866364,37676420,4625874419,4115340917,96.95,99.0,89.8,94.02,44.05,43.57
S1_Annapolis_31,40836094,36424086,4622893848,3929358919,95.73,98.82,87.1,93.2,45.76,44.91
S5_StJohns_3464,40444902,36694872,4577991990,4009222280,96.48,98.95,88.9,93.88,44.96,44.29
S5_Kennetcook_3549,40180410,36534624,4547912730,3984186289,96.58,98.98,89.14,94.01,44.77,44.13
S6_LaHave_3614,40706256,37829276,4607378472,3862170314,97.2,99.12,90.89,94.76,44.78,44.2
S3_Cooper_1786,40849400,38818250,4623354383,4003766229,98.07,99.37,93.16,95.84,43.59,43.13
S3_Annapolis_295,40468628,38195674,4580149488,4014363720,97.83,99.33,92.57,95.65,44.01,43.56
S3_Cooper_1788,40216602,37924044,4551355470,3896937773,97.8,99.34,92.57,95.7,44.63,44.13
S6_Altamaha_3964,40263352,38099756,4556242732,3476468411,97.64,99.28,92.41,95.71,45.48,44.84
S1_Tusket_002,38592650,33766762,4368391571,3632725797,95.12,98.65,85.52,92.43,45.97,44.98
S5_Hudson_1189,39022970,35900110,4416912164,3920665260,96.91,99.07,90.03,94.42,44.55,43.98
S5_Connecticut_986,38290390,35055298,4333993467,3829010209,96.75,98.99,89.49,94.03,44.46,43.88
S5_Kennetcook_3552,38331886,35400526,4338801109,3868231427,96.98,99.05,90.11,94.35,44.74,44.22
S6_Altamaha_3968,38609340,36645054,4369351964,3293703542,97.93,99.35,93.12,95.99,45.15,44.44
S3_Annapolis_298,38394956,36355918,4345115643,3748302053,97.93,99.34,92.82,95.71,44.11,43.65
S5_Kennetcook_3542,37661602,34096920,4263634475,3737280240,96.51,98.96,88.92,93.89,44.68,43.98
S1_Annapolis_14,37694674,33055876,4267242791,3562663317,95.28,98.74,86.04,92.87,45.94,44.93
S3_Waccamaw_1707,38155064,36120880,4318073112,3664387971,97.91,99.35,92.83,95.76,44.73,44.22
S6_Altamaha_3949,37966338,35882846,4296633676,3262561402,97.6,99.27,92.3,95.64,45.65,45.01
S1_Tusket_004,37303730,32834556,4222240196,3533471509,95.36,98.76,86.3,92.98,46.03,45.06
S3_Annis_511,37227310,34976040,4213246033,3668804883,97.6,99.25,91.87,95.21,44.54,44.07
S3_Cooper_1793,36749796,33203914,4159400507,3522340937,96.1,98.91,88.16,93.72,46.15,45.43
S3_Annapolis_034,37589174,34385684,4254198805,3688164575,96.73,99.07,89.68,94.42,45.35,44.71
S1_Annapolis_16,36627128,32896166,4145504422,3555556411,95.66,98.8,87.03,93.14,45.94,45.13
S3_Annapolis_035,37464706,35512184,4240248043,3594211926,98.05,99.39,93.23,95.97,43.73,43.19
S5_Kennetcook_3538,35933050,32803652,4067194711,3585055451,96.64,98.94,89.15,93.83,44.78,44.18
S1_Tusket_011,36168036,32142208,4093602729,3453323046,95.55,98.81,86.81,93.21,45.96,45.07
S5_Kennetcook_3556,35899460,32994308,4063286787,3603510503,96.89,99.05,89.95,94.35,44.56,44.01
S5_StJohns_3472,35457258,32125892,4013131180,3514248771,96.48,98.94,88.83,93.82,45.0,44.31
S5_Connecticut_978,35108032,31106294,3973907903,3396939257,95.85,98.77,87.15,93.01,45.17,44.28
S3_Musquodoboit_596,35428684,33494710,4009290704,3430751743,97.88,99.3,92.55,95.44,44.02,43.51
S6_Altamaha_3957,36112048,34297094,4086108173,3047538913,97.91,99.34,93.06,95.96,45.37,44.68
S5_Kennetcook_3548,34776136,31773800,3935902682,3476569096,96.75,99.0,89.51,94.09,44.55,43.97
S5_StJohns_3466,34698336,31886216,3927376473,3480029099,96.82,99.01,89.72,94.17,44.59,44.03
S3_Palmer_538,35430538,33275224,4009886452,3501419247,97.7,99.32,92.26,95.57,44.38,43.9
S1_Tusket_036,34563466,30203280,3912105538,3236497260,95.06,98.69,85.6,92.7,46.11,45.09
S1_Musquodoboit_004,35015768,30494242,3963194310,3257143902,94.84,98.72,85.36,92.86,46.53,45.42
S5_Hudson_1196,34478870,31944764,3902573152,3489831255,97.09,99.07,90.4,94.44,44.46,43.97
S6_Annis_4790,36064964,34251922,4081467320,3016482725,98.07,99.38,93.38,96.09,46.65,46.13
S3_Cooper_1777,34859578,32969068,3945219550,3361613853,97.91,99.35,92.81,95.75,44.26,43.75
S6_Altamaha_3969,35201382,33421626,3983674372,3002347740,97.88,99.34,93.03,96.0,45.43,44.74
S6_Altamaha_3955,34871138,33021932,3945675829,3005402912,97.7,99.3,92.59,95.79,45.71,45.11
S5_Kennetcook_3536,33824936,30869918,3828913107,3380095063,96.72,98.99,89.44,94.07,44.73,44.14
S1_Tusket_007,34153492,30293298,3865907458,3256238908,95.43,98.77,86.5,93.03,46.07,45.15
S1_Tusket_032,34092322,29952946,3858936761,3216886521,95.15,98.72,85.84,92.8,46.09,45.11
S5_Hudson_1190,34085050,31442944,3857962994,3429909565,97.04,99.08,90.31,94.47,44.33,43.79
S3_Annapolis_274,33936302,30161832,3841290124,3232343228,95.96,98.92,87.77,93.7,45.52,44.68
S3_Annis_506,33628130,29428806,3806082172,3142586197,95.25,98.79,86.22,93.19,46.45,45.41
S5_Hudson_1195,33373484,30669758,3777356544,3345424673,96.78,99.04,89.74,94.29,45.59,45.02
S3_Cooper_1785,33743620,31821424,3819360535,3326162222,97.77,99.28,92.31,95.41,43.95,43.48
S1_Annapolis_11,33308346,30019778,3770207185,3220196709,95.76,98.84,87.4,93.38,46.39,45.62
S6_Altamaha_3975,34049622,32422324,3852887918,2840564447,98.04,99.39,93.47,96.25,45.13,44.37
S3_Waccamaw_1718,32714962,30908974,3702484127,3192429592,97.88,99.32,92.62,95.55,44.11,43.64
S6_Altamaha_3971,33219374,31630170,3758988015,2871116683,97.86,99.31,92.97,95.88,45.09,44.47
S3_Waccamaw_1717,33063570,31293668,3742149106,3151758313,98.08,99.42,93.37,96.11,43.33,42.73
S3_Annapolis_284,32573986,30673692,3686126962,3167207964,97.75,99.31,92.39,95.57,44.61,44.11
S3_Waccamaw_1706,32128496,30189804,3636259081,3149793833,97.59,99.25,91.93,95.27,45.16,44.7
S1_Tusket_034,31321144,27463522,3545151226,2953498650,95.27,98.72,86.0,92.79,46.1,45.12
S5_Hudson_1172,31776824,29444582,3596596927,3214449062,97.11,99.12,90.57,94.67,44.41,43.91
S5_StJohns_3471,31222290,29169750,3533584118,3187640165,97.37,99.14,91.14,94.78,44.2,43.78
S3_Waccamaw_1709,31587694,29944076,3574576197,2930417320,98.04,99.39,93.24,95.99,44.64,44.02
S1_Musquodoboit_002,30933590,27187462,3501315347,2902674495,94.91,98.64,85.29,92.49,46.43,45.4
S6_Altamaha_3948,31216648,29499812,3532350229,2663678819,97.44,99.25,92.04,95.61,46.13,45.54
S5_Connecticut_983,30533568,28420442,3456065459,3103797686,97.3,99.12,90.95,94.71,43.48,43.03
S3_Annapolis_297,30860872,29114336,3492495702,3030751971,97.82,99.32,92.53,95.61,44.29,43.82
S6_Altamaha_3951,31130650,29520842,3522688026,2647988835,97.71,99.31,92.66,95.87,45.92,45.3
S6_Altamaha_3967,30896602,29274096,3496618068,2626676425,97.66,99.29,92.48,95.76,45.52,44.85
S1_Tusket_009,30353076,27035054,3435755499,2899196414,95.46,98.8,86.69,93.19,46.2,45.28
S5_Kennetcook_3558,29675394,27212986,3359002079,2970263660,96.77,98.98,89.53,94.03,44.85,44.29
S6_Kennetcook_3567,29554680,27267798,3345155227,2819123598,96.97,99.09,90.37,94.64,44.82,44.18
S5_StJohns_3469,28697838,26153414,3248009948,2855392556,96.5,98.93,88.92,93.8,45.34,44.73
S1_Musquodoboit_003,29199372,25983618,3304860141,2779939029,95.22,98.71,86.09,92.81,46.54,45.65
S1_Tusket_012,28468128,24980746,3222117315,2687135702,95.24,98.69,85.84,92.61,45.81,44.82
S1_Musquodoboit_014,28109604,24760332,3181572985,2640692726,94.96,98.65,85.44,92.53,46.5,45.51
S5_StJohns_3465,28163378,25977272,3187739515,2836803027,96.95,99.05,90.06,94.33,44.52,43.97
S1_Tusket_018,27986938,24704472,3167873747,2671703218,95.44,98.76,86.35,92.91,45.67,44.76
S1_Musquodoboit_011,27935722,24681150,3162127303,2640047061,95.16,98.71,85.97,92.83,46.49,45.5
S5_Hudson_1177,27695414,25772500,3134379162,2812854623,97.26,99.14,90.95,94.81,43.93,43.47
S6_Altamaha_3970,28103466,26727220,3179994581,2323641888,97.99,99.36,93.29,96.09,45.34,44.55
S1_Annapolis_005,26848318,23609826,3039165563,2542918662,95.26,98.69,85.9,92.63,45.94,45.03
S3_Waccamaw_1716,27346596,25662542,3095035548,2670680912,97.61,99.27,91.97,95.34,44.64,44.14
S5_StJohns_3467,26811854,24909976,3034755146,2714008229,97.13,99.08,90.52,94.5,44.56,44.06
S1_Musquodoboit_030,26689056,23569384,3020884259,2518426806,95.1,98.7,85.82,92.75,46.23,45.26
S1_Tusket_035,26887560,23701686,3043342959,2546947436,95.3,98.74,86.16,92.9,46.06,45.09
S6_Altamaha_3956,27301344,25899514,3089387119,2260063753,97.68,99.29,92.58,95.78,46.08,45.41
S3_Annapolis_296,26574328,24820010,3007654536,2610910758,97.43,99.2,91.37,94.99,44.41,43.91
S6_Kennetcook_3561,26876626,25350772,3041447779,2445436845,97.8,99.3,92.62,95.68,45.0,44.39
S1_Tusket_017,26215666,23031690,2967427655,2472341927,95.09,98.67,85.6,92.58,46.14,45.14
S1_Annapolis_9,25952532,22819578,2937237498,2447418146,95.16,98.71,85.85,92.76,46.26,45.29
S6_Altamaha_3950,25909232,24551374,2931803993,2183988251,97.62,99.3,92.48,95.82,46.19,45.59
S1_Tusket_033,24995238,21884476,2829148775,2338718947,94.94,98.69,85.44,92.71,46.42,45.35
S6_Altamaha_3946,25205416,23935952,2851852852,2100047402,97.88,99.35,93.08,96.06,45.51,44.84
S1_Annapolis_26,24337780,21614302,2754553840,2344710277,95.76,98.8,87.04,93.11,45.64,44.81
S5_Connecticut_980,23474542,19999964,2657285026,2141696132,94.3,98.5,83.83,91.92,46.86,45.47
S1_Musquodoboit_028,24095256,21124498,2727156110,2251934289,94.83,98.65,85.21,92.55,46.79,45.77
S1_Annapolis_004,23353286,20565984,2643409595,2204032044,95.13,98.66,85.67,92.53,46.05,45.09
S1_Musquodoboit_019,23248202,20040042,2631566470,2140952971,94.63,98.64,84.73,92.49,46.84,45.66
S6_Altamaha_3961,23326768,22162506,2639806439,1967447374,97.81,99.3,92.77,95.79,45.33,44.59
S1_Annapolis_4,22844356,19913124,2585830591,2141950254,95.1,98.71,85.67,92.75,46.14,45.1
S1_Annapolis_0N3,22970506,19866384,2600051166,2127701126,94.83,98.66,85.04,92.55,46.44,45.29
S1_Annapolis_20,21865540,19190426,2474960197,2059308011,95.13,98.66,85.6,92.5,46.07,45.07
S1_Musquodoboit_022,22065632,19264252,2497418181,2060889586,94.9,98.7,85.38,92.74,46.83,45.75
S6_Altamaha_3963,22769050,21622304,2576272188,1881475994,97.76,99.31,92.78,95.93,45.22,44.47
S5_Hudson_1174,21656800,20005156,2451127168,2182962026,97.01,99.06,90.2,94.36,44.7,44.19
S1_Musquodoboit_009,21705878,18911258,2456910176,2022039191,94.87,98.67,85.25,92.62,46.55,45.47
S1_Tusket_008,21488028,18995614,2432269225,2036313852,95.24,98.71,85.99,92.74,46.15,45.22
S1_Annapolis_002,21114144,18398840,2389949615,1967556737,94.82,98.61,84.96,92.32,46.52,45.47
S6_Altamaha_3959,21321472,20194996,2412673836,1740377975,97.67,99.33,92.7,96.03,46.15,45.41
S5_Kennetcook_3550,21122942,19449284,2390767714,2117186643,96.94,99.06,90.08,94.39,44.94,44.39
S1_Annapolis_001,20257988,17645006,2293124793,1884810659,94.8,98.64,85.05,92.47,46.69,45.6
S1_Musquodoboit_023,20125464,17627090,2278016409,1878267629,94.82,98.62,85.04,92.37,46.41,45.35
S6_Altamaha_3947,20765348,19705488,2349521328,1684700223,97.71,99.31,92.67,95.88,46.29,45.59
S1_Annapolis_0N1,19972590,17516650,2260788615,1873554827,94.95,98.65,85.34,92.51,46.29,45.28
S6_Altamaha_3965,20672268,19630810,2339324067,1712290689,97.73,99.33,92.81,96.02,45.59,44.85
S1_Musquodoboit_021,19811996,17390918,2242589286,1858704051,94.91,98.63,85.26,92.43,46.37,45.35
S1_Tusket_010,19793682,17411820,2240384739,1864591611,95.23,98.75,86.08,92.95,46.31,45.3
S1_Musquodoboit_010,19698060,17212660,2229655384,1840145047,94.91,98.72,85.51,92.9,46.4,45.29
S1_Tusket_031,19066342,16295774,2158109710,1745086100,94.5,98.58,84.2,92.17,46.68,45.42
S1_Annapolis_12,19460924,17109676,2202911616,1836449319,95.16,98.71,85.82,92.77,46.03,45.07
S1_Tusket_019,18813330,16864076,2129528879,1799494739,95.43,98.78,86.73,93.19,46.42,45.58
S1_Musquodoboit_006,18421442,15941902,2085069370,1700519661,94.59,98.56,84.45,92.11,46.86,45.78
S1_Musquodoboit_012,18111412,16056242,2050199054,1713332603,95.21,98.73,86.09,92.9,46.36,45.37
S6_Annis_4795,19117736,18233864,2163236821,1521698305,98.25,99.41,93.79,96.25,45.16,44.22
S3_Musquodoboit_593,17348880,16422032,1963248383,1648244274,98.02,99.39,93.21,96.01,43.76,43.17
S1_Annapolis_8,18312148,16074234,2072620657,1718975515,95.02,98.75,85.76,92.98,46.54,45.48
S1_Musquodoboit_016,16346540,14526362,1850096109,1546510062,95.1,98.69,85.9,92.76,46.58,45.68
S6_Annis_4793,16506060,15724790,1867946237,1370488519,98.26,99.4,93.78,96.17,47.61,47.35
S6_Altamaha_3954,15729186,14939736,1779807742,1326616988,97.8,99.33,92.9,95.97,45.61,44.94
S1_Annapolis_0N2,14716416,12893756,1665718146,1387224109,95.2,98.69,85.79,92.64,46.06,45.08
S1_Annapolis_29,15320416,13372726,1734035346,1437423998,94.91,98.64,85.19,92.45,46.19,45.13
S6_Annis_4797,15554150,14777708,1759953214,1187141961,98.17,99.41,93.67,96.27,48.02,47.47
S1_Tusket_005,14191104,12373732,1606230993,1326040283,94.9,98.7,85.38,92.76,46.61,45.51
S1_Musquodoboit_024,14308420,12841668,1619523952,1366415976,95.48,98.81,86.93,93.33,46.43,45.57
S1_Annapolis_10,13846054,12083370,1567241665,1294029132,94.99,98.67,85.43,92.6,46.27,45.24
S1_Annapolis_15,14731538,13088254,1667425464,1406363711,95.53,98.83,86.85,93.32,46.04,45.09
S1_Annapolis_18,13373384,11738102,1513703585,1257692890,95.05,98.67,85.58,92.59,46.25,45.26
S1_Annapolis_13,13366290,11691066,1512914759,1248027778,94.91,98.67,85.35,92.61,46.55,45.5
S1_Musquodoboit_017,13082758,11490466,1480853420,1227282448,94.92,98.63,85.29,92.45,46.39,45.36
S6_Altamaha_3966,13562912,12866120,1534702690,1128811280,97.71,99.29,92.64,95.82,45.59,44.9
S1_Musquodoboit_008,13272904,11653496,1502276070,1239814214,94.77,98.66,85.18,92.6,46.87,45.79
S1_Musquodoboit_007,10002802,8660152,1132225359,923492544,94.54,98.57,84.41,92.16,46.89,45.75
S1_Musquodoboit_029,11079140,9846446,1254057377,1040089453,94.87,98.64,85.41,92.56,46.82,45.85
S3_Annapolis_275,12737548,11371618,1441598299,1196954856,95.58,98.87,87.18,93.58,46.37,45.43
S1_Annapolis_17,11780352,10363562,1333368313,1105241125,94.97,98.66,85.46,92.57,46.48,45.5
S5_Hudson_1194,12400370,11517998,1403474796,1255638398,97.19,99.09,90.63,94.52,44.35,43.87
S3_Cooper_1792,10141430,9597592,1147751596,989934423,97.89,99.32,92.66,95.59,44.06,43.57
S3_Cooper_1789,9555258,9038482,1081301098,923417781,97.9,99.36,92.83,95.8,44.21,43.68
S1_Musquodoboit_005,9261762,8084762,1048213638,859621070,94.74,98.67,85.13,92.69,46.81,45.72
S5_Connecticut_993,9391474,8714820,1062980865,953542691,97.17,99.1,90.61,94.56,43.83,43.36
S5_Connecticut_990,9187722,8555270,1039850988,936203211,97.35,99.15,91.14,94.86,43.49,43.04
S6_Altamaha_3973,9222490,8765248,1043500291,740427565,97.79,99.32,92.84,95.97,45.99,45.21
S1_Musquodoboit_020,8447108,7318076,956163360,781469034,94.63,98.65,84.78,92.52,46.92,45.75
S6_Annis_4798,9003118,8643408,1018940620,789282023,98.61,99.47,94.46,96.35,58.13,59.36
S3_Musquodoboit_599,8957806,8425374,1013787364,882862836,97.71,99.29,92.23,95.44,44.33,43.87
S6_Altamaha_3960,8590944,8124314,971957466,692464952,97.4,99.26,92.06,95.75,46.6,45.95
S6_Altamaha_3958,8084222,7676404,914723918,670604501,97.81,99.32,92.9,95.94,45.73,45.03
S1_Musquodoboit_018,8207458,7242522,928939415,771225888,94.98,98.69,85.6,92.72,46.55,45.56
S3_Annapolis_281,8128284,7714894,919841376,787099773,98.11,99.39,93.29,95.95,43.59,43.1
S5_Hudson_1197,7223956,6648224,817648357,722867166,96.91,99.02,89.85,94.15,44.59,44.04
S5_Connecticut_981,8161472,7488362,923812148,820045945,96.85,99.05,89.85,94.32,44.37,43.78
S3_Annapolis_036,3870884,3677738,438036243,356805537,98.21,99.44,93.68,96.2,43.77,43.08
S6_Altamaha_3953,7436968,7023358,841564043,605868401,97.57,99.29,92.38,95.79,46.32,45.58
S6_Altamaha_3962,7064820,6673222,799368703,555164940,97.35,99.24,91.92,95.66,46.98,46.26
S3_Annapolis_038,6214654,5884350,703356912,595776737,98.05,99.38,93.12,95.87,43.94,43.42
S5_Hudson_1182,5895136,5507440,667246331,598267587,97.4,99.18,91.37,95.02,44.21,43.76
S6_Annis_4791,3266960,3117426,369694509,293781117,98.32,99.37,93.54,95.78,56.49,57.34
S6_Annis_4792,1264628,1206990,143111165,100470704,98.45,99.45,94.19,96.36,51.08,51.44
S5_Hudson_1170,2009342,1877184,227419677,203006500,97.44,99.13,91.19,94.69,43.88,43.44
S6_Annis_4794,939794,898256,106349253,79732699,98.45,99.43,94.09,96.17,52.66,53.3
S3_Waccamaw_1715,2562,2330,289802,250765,97.33,99.08,90.38,94.12,44.84,44.35
S5_StJohns_3461,2446,2288,276807,246526,97.58,99.26,91.7,95.1,45.4,45.08
S5_Connecticut_995,466194,414974,52773202,45317380,96.11,98.88,87.93,93.56,44.94,44.06
S6_Annis_4796,135176,128270,15298547,11914716,97.62,99.26,92.33,95.61,46.16,45.63
S3_Annapolis_280,2646176,2510830,299427064,246765656,98.13,99.39,93.32,95.91,43.68,43.04
S1_Tusket_022,2647076,2509240,299579785,256320407,98.04,99.34,92.96,95.68,42.68,42.02
